aircraft,icao24,runway,start_time,end_time,duration,coverage,loc_deviation,loc_abs_deviation,gs_deviation,gs_abs_deviation,loc_trend,gs_trend,altitude_change,unused_1,usable_gate_samples,gate_min,gate_max,status,remarks,anomaly_score,is_anomaly
OMA9047,7cf220,RWY 32,1789008098.512366,1789008680.990656,582.5,left_coverage,0.42,0.44,1.94,2.04,0.04,1.15,-1141.1,,3,-460.8,555.6,normal,within all gate limits,-0.026369127824966032,True
SEJ5270,7b27f5,RWY 32,1789007976.965382,1789008505.071288,528.1,left_coverage,0.42,0.41,2.21,1.94,-0.06,1.17,-1142.1,,5,-467.1,529.6,normal,within all gate limits,-0.025367572204282096,True
SEJ5483,7d497c,RWY 32,1789007888.860264,1789008463.732379,574.9,left_coverage,0.33,0.31,2.03,2.19,0.0,1.19,-1121.8,,3,-444.0,609.8,normal,within all gate limits,-0.02203268850977791,True
IGO4394,7442c6,RWY 32,1789005224.679095,1789005862.31311,637.6,left_coverage,0.38,0.4,2.6,2.31,0.07,1.01,-628.0,,3,-221.1,423.9,normal,within all gate limits,-0.01534614442632376,True
IGO4660,792fa1,RWY 32,1789008123.46592,1789008700.684077,577.2,left_coverage,0.41,0.43,1.87,2.13,-0.08,1.1,-977.4,,4,-450.4,544.5,normal,within all gate limits,-0.013222142475608267,True
AXB2616,7bf904,RWY 32,1789008200.323655,1789008705.233164,504.9,left_coverage,0.33,0.36,1.88,2.14,-0.04,1.2,-1107.2,,4,-432.0,542.7,normal,within all gate limits,-0.012815813590423497,True
AIC1680,7d4868,RWY 32,1789008152.644231,1789008672.519421,519.9,left_coverage,0.4,0.37,2.1,2.14,-0.06,1.27,-961.3,,5,-443.5,608.3,normal,within all gate limits,-0.012258882585531317,True
SIA365,7de075,RWY 32,1789007971.498304,1789008485.284131,513.8,left_coverage,0.38,0.38,2.16,2.19,-0.01,1.23,-985.1,,5,-460.7,565.0,normal,within all gate limits,-0.010292460412355875,True
QTR6792,78e895,RWY 32,1789008027.020015,1789008583.00686,556.0,left_coverage,0.4,0.37,1.79,2.0,-0.04,1.29,-1103.5,,3,-411.5,581.4,normal,within all gate limits,-0.003230229920314076,True
AXB3695,775889,RWY 32,1789008094.927445,1789008618.159603,523.2,left_coverage,0.35,0.38,2.0,2.04,-0.05,1.22,-1085.6,,3,-421.1,608.7,normal,within all gate limits,-0.0012136480044530051,True
UAE248,78a9ae,RWY 32,1789008152.380334,1789008696.563531,544.2,left_coverage,0.36,0.34,2.18,2.1,-0.03,1.12,-1042.2,,3,-466.8,606.6,normal,within all gate limits,0.00013484977827249445,False
AXB561,7f4c08,RWY 32,1789008027.772349,1789008616.405346,588.6,left_coverage,0.4,0.39,1.77,1.85,-0.06,1.22,-996.0,,4,-420.3,532.2,normal,within all gate limits,0.0021989891638999337,False
IGO5049,77aecc,RWY 32,1789007962.124248,1789008534.785836,572.7,left_coverage,0.38,0.4,1.87,1.81,0.0,1.21,-1020.7,,4,-466.8,529.8,normal,within all gate limits,0.007182999124447975,False
GIA5532,73a3a1,RWY 32,1789008123.56814,1789008624.848474,501.3,left_coverage,0.35,0.34,2.23,2.02,-0.07,1.11,-988.3,,5,-444.2,585.9,normal,within all gate limits,0.009287290529639503,False
UAE5858,7a7f23,RWY 32,1789005764.487755,1789006321.596762,557.1,left_coverage,0.09,0.08,2.21,1.5,0.07,0.96,-667.1,,5,-183.8,360.2,normal,within all gate limits,0.009754810566190764,False
VTI9099,785a2e,RWY 32,1789009660.528325,1789010235.307609,574.8,left_coverage,0.25,0.28,2.27,1.36,-0.22,0.7,-304.0,,4,-159.6,505.2,normal,within all gate limits,0.010039649239346193,False
AXB8569,7d6f12,RWY 32,1789008072.745179,1789008574.968071,502.2,left_coverage,0.36,0.34,1.95,2.08,0.01,1.21,-1054.7,,4,-430.5,573.6,normal,within all gate limits,0.010316543106129061,False
AIC3751,70aa60,RWY 32,1789005614.114331,1789006187.62801,573.5,left_coverage,0.18,0.16,1.84,1.41,0.04,1.03,-734.8,,3,-220.3,387.4,normal,within all gate limits,0.010899524428052754,False
VTI5095,79ae08,RWY 32,1789009767.026442,1789010352.43774,585.4,left_coverage,0.24,0.24,2.12,1.29,-0.12,0.75,-206.8,,3,-167.0,481.1,normal,within all gate limits,0.011101539442001429,False
SEJ1124,7ee40a,RWY 32,1789005702.018659,1789006254.064734,552.0,left_coverage,0.1,0.12,2.26,1.38,0.06,0.97,-764.0,,5,-222.5,437.9,normal,within all gate limits,0.012151959334634088,False
QTR264,7c7bf3,RWY 32,1789005033.204316,1789005639.849519,606.6,left_coverage,0.38,0.39,2.41,2.28,0.04,0.99,-637.9,,3,-169.1,385.6,normal,within all gate limits,0.01371640194163437,False
GIA7582,7f7f05,RWY 32,1789009819.017778,1789010409.417844,590.4,left_coverage,0.22,0.23,2.37,1.28,-0.12,0.79,-191.1,,4,-191.1,505.9,normal,within all gate limits,0.013912225118236199,False
SEJ4790,7b95fc,RWY 32,1789005332.717662,1789005896.747548,564.0,left_coverage,0.3,0.33,2.61,2.24,0.05,1.06,-727.6,,4,-222.5,381.9,normal,within all gate limits,0.014292108279598592,False
IGO1369,782d43,RWY 32,1789005571.598008,1789006141.704571,570.1,left_coverage,0.09,0.09,1.92,1.65,0.04,1.01,-760.2,,5,-157.7,365.1,normal,within all gate limits,0.017955593387384172,False
SEJ515,70dfa3,RWY 32,1789009898.086121,1789010445.671584,547.6,left_coverage,0.26,0.29,2.48,1.36,-0.15,0.7,-306.6,,5,-218.4,455.2,normal,within all gate limits,0.018916834271287652,False
AXB9254,73a88e,RWY 32,1789008111.726979,1789008651.052215,539.3,left_coverage,0.35,0.32,2.2,1.84,0.02,1.21,-1033.8,,5,-463.3,569.5,normal,within all gate limits,0.020076769580054554,False
SEJ456,7ffb25,RWY 32,1789007909.577156,1789008440.147082,530.6,left_coverage,0.38,0.36,1.87,2.01,-0.05,1.14,-1051.9,,3,-421.5,539.2,normal,within all gate limits,0.021246051860348003,False
AIC221,7486e6,RWY 32,1789005204.400304,1789005751.485686,547.1,left_coverage,0.29,0.26,2.19,2.2,-0.01,1.1,-567.2,,5,-158.6,394.3,normal,within all gate limits,0.021882374978370978,False
ALK3613,7263e4,RWY 32,1789005033.992946,1789005684.60828,650.6,left_coverage,0.34,0.32,2.37,2.28,0.08,1.06,-551.6,,4,-189.6,419.4,normal,within all gate limits,0.022026915351410215,False
ALK3534,7005d7,RWY 32,1789005313.877242,1789005895.145942,581.3,left_coverage,0.3,0.28,2.5,2.25,0.04,1.08,-635.4,,3,-163.5,400.4,normal,within all gate limits,0.022139830127890003,False
IGO6663,782752,RWY 32,1789005617.311436,1789006092.343172,475.0,left_coverage,0.11,0.08,2.05,1.47,0.04,1.01,-675.9,,5,-158.1,430.8,normal,within all gate limits,0.0224453667909551,False
UAE8967,73fbee,RWY 32,1789007926.255745,1789008527.115554,600.9,left_coverage,0.42,0.4,2.11,2.03,0.01,1.25,-1004.8,,5,-442.1,566.0,normal,within all gate limits,0.02349612432481507,False
IGO274,7870b2,RWY 32,1789009771.684289,1789010279.988793,508.3,left_coverage,0.22,0.21,2.46,1.6,-0.19,0.77,-304.5,,3,-197.4,458.1,normal,within all gate limits,0.024386159763582604,False
IGO6377,753a28,RWY 32,1789005258.642179,1789005906.544374,647.9,left_coverage,0.36,0.34,2.62,2.07,0.04,1.06,-668.7,,5,-198.7,443.6,normal,within all gate limits,0.0269763556592848,False
AXB3564,79a25c,RWY 32,1789009858.456221,1789010365.206553,506.8,left_coverage,0.17,0.17,2.13,1.48,-0.17,0.8,-335.4,,3,-191.9,514.4,normal,within all gate limits,0.02712199702609952,False
SIA7813,762d0a,RWY 32,1789005316.151774,1789005953.843453,637.7,left_coverage,0.34,0.35,2.63,2.18,0.04,1.03,-659.2,,5,-180.9,367.0,normal,within all gate limits,0.02871005277523031,False
QTR1469,79def3,RWY 32,1789005580.876748,1789006094.952054,514.1,left_coverage,0.12,0.1,1.81,1.38,0.03,0.99,-677.5,,3,-198.0,427.2,normal,within all gate limits,0.029288308017942355,False
VTI5530,7f9d30,RWY 32,1789005760.954538,1789006237.212235,476.3,left_coverage,0.09,0.11,2.2,1.54,-0.01,1.02,-651.5,,5,-163.3,371.8,normal,within all gate limits,0.029520341302237907,False
SIA6652,7d0db7,RWY 32,1789009782.190929,1789010358.794878,576.6,left_coverage,0.21,0.21,2.05,1.29,-0.15,0.74,-251.8,,4,-165.9,495.2,normal,within all gate limits,0.029682684781999535,False
QTR1112,7d4262,RWY 32,1789009840.751707,1789010361.119195,520.4,left_coverage,0.25,0.28,2.06,1.44,-0.2,0.71,-317.8,,4,-208.2,451.7,normal,within all gate limits,0.029987649959497986,False
AIC7045,7f1690,RWY 32,1789009669.18899,1789010209.369961,540.2,left_coverage,0.17,0.14,2.22,1.63,-0.15,0.7,-178.1,,5,-207.8,467.9,normal,within all gate limits,0.030233290327166595,False
SEJ7612,7a6955,RWY 32,1789008142.272169,1789008738.347668,596.1,left_coverage,0.4,0.38,1.92,2.08,-0.03,1.16,-1095.2,,5,-444.9,581.1,normal,within all gate limits,0.03397333127277724,False
QTR3398,7d1b6c,RWY 32,1789005838.618362,1789006370.27898,531.7,left_coverage,0.13,0.11,1.8,1.46,0.06,0.94,-805.1,,3,-187.4,420.5,normal,within all gate limits,0.03434890722971312,False
AXB7571,7b8cac,RWY 32,1789005784.994727,1789006317.052174,532.1,left_coverage,0.11,0.11,1.94,1.44,0.07,1.02,-775.8,,5,-165.2,388.2,normal,within all gate limits,0.03448237104841201,False
AXB2311,72b96e,RWY 32,1789005633.765732,1789006109.394027,475.6,left_coverage,0.11,0.12,2.1,1.52,-0.03,1.0,-653.7,,3,-208.4,405.5,normal,within all gate limits,0.03641164018814047,False
SIA1864,709306,RWY 32,1789009708.371177,1789010230.286153,521.9,left_coverage,0.23,0.26,2.2,1.33,-0.21,0.67,-223.5,,5,-167.6,479.9,normal,within all gate limits,0.039515686711989184,False
VTI4812,76bf44,RWY 32,1789005348.23125,1789005949.185718,601.0,left_coverage,0.36,0.39,2.27,2.27,0.03,0.96,-594.7,,4,-215.5,407.6,normal,within all gate limits,0.03999203888285058,False
IGO9609,778716,RWY 32,1789008189.870955,1789008768.785213,578.9,left_coverage,0.34,0.37,2.01,2.03,-0.02,1.15,-1129.4,,5,-406.2,553.1,normal,within all gate limits,0.040086037148928944,False
GIA1187,759de2,RWY 32,1789005637.305987,1789006160.647986,523.3,left_coverage,0.19,0.22,1.91,1.42,-0.02,0.86,-800.7,,5,-157.7,412.9,normal,within all gate limits,0.040500897662479385,False
GIA6503,789cc2,RWY 32,1789005174.837466,1789005784.334882,609.5,left_coverage,0.29,0.32,2.52,2.08,0.09,1.06,-557.9,,4,-185.0,451.7,normal,within all gate limits,0.041755468490640546,False
AXB9658,77c50c,RWY 32,1789009660.403007,1789010222.342445,561.9,left_coverage,0.24,0.24,2.26,1.41,-0.12,0.86,-369.6,,3,-161.0,480.6,normal,within all gate limits,0.0417894210877684,False
ALK4375,76fe60,RWY 32,1789005552.270615,1789006099.1066,546.8,left_coverage,0.1,0.11,2.03,1.52,0.02,0.89,-654.0,,3,-158.3,406.7,normal,within all gate limits,0.04208962537950539,False
SIA7116,70e802,RWY 32,1789005162.153039,1789005707.042144,544.9,left_coverage,0.34,0.37,2.65,1.97,0.01,1.02,-618.1,,5,-162.4,414.7,normal,within all gate limits,0.04259543781582692,False
ALK5367,7182f0,RWY 32,1789007930.634387,1789008504.780085,574.1,left_coverage,0.38,0.38,2.08,1.85,0.02,1.18,-993.6,,5,-438.0,567.2,normal,within all gate limits,0.04286478644957342,False
SIA8497,70599e,RWY 32,1789005811.818874,1789006286.808464,475.0,left_coverage,0.12,0.14,1.82,1.46,-0.0,0.99,-707.7,,3,-197.0,416.5,normal,within all gate limits,0.04335991859778332,False
VTI7605,7df539,RWY 32,1789005565.88192,1789006037.23347,471.4,left_coverage,0.17,0.14,2.22,1.64,0.05,1.04,-707.5,,4,-188.4,404.0,normal,within all gate limits,0.04352140930478299,False
AIC8090,7f823e,RWY 32,1789008045.920777,1789008623.453017,577.5,left_coverage,0.35,0.33,2.18,1.97,0.02,1.1,-1031.9,,5,-422.9,577.2,normal,within all gate limits,0.04374028177792644,False
AXB7483,7aaad6,RWY 32,1789009674.473502,1789010249.875448,575.4,left_coverage,0.17,0.2,2.09,1.43,-0.2,0.74,-218.3,,5,-212.2,517.8,normal,within all gate limits,0.04409445385388139,False
ALK5361,7b2d52,RWY 32,1789005087.791676,1789005636.169563,548.4,left_coverage,0.37,0.4,2.31,2.04,0.02,1.04,-715.6,,5,-190.0,451.5,normal,within all gate limits,0.04483996514865085,False
AIC9971,764bea,RWY 32,1789005552.138455,1789006099.484831,547.3,left_coverage,0.15,0.18,1.87,1.43,0.01,0.97,-703.4,,3,-158.9,373.0,normal,within all gate limits,0.04501455336973892,False
AXB6499,7e5629,RWY 32,1789005167.241971,1789005751.123567,583.9,left_coverage,0.3,0.33,2.53,1.94,0.0,0.94,-719.7,,3,-172.5,435.7,normal,within all gate limits,0.04521997009693812,False
SIA4455,7f0bb5,RWY 32,1789009686.214313,1789010174.829125,488.6,left_coverage,0.21,0.24,2.06,1.28,-0.1,0.8,-272.6,,5,-192.5,448.2,normal,within all gate limits,0.04678877980748647,False
AXB3450,7c1065,RWY 32,1789009920.600316,1789010512.664108,592.1,left_coverage,0.2,0.2,2.05,1.48,-0.17,0.85,-188.8,,5,-224.8,507.3,normal,within all gate limits,0.04708423400038525,False
OMA5123,77a1cd,RWY 32,1789009870.766636,1789010429.092838,558.3,left_coverage,0.18,0.16,2.04,1.62,-0.18,0.74,-176.2,,5,-196.1,482.9,normal,within all gate limits,0.04752020852762179,False
AXB1608,7dd83f,RWY 32,1789005720.705734,1789006197.201897,476.5,left_coverage,0.18,0.15,2.14,1.7,0.02,0.96,-624.6,,5,-162.0,431.6,normal,within all gate limits,0.04936891420730544,False
AIC2843,729be8,RWY 32,1789005647.434322,1789006203.642053,556.2,left_coverage,0.17,0.15,1.85,1.77,-0.04,0.96,-716.2,,3,-194.2,399.5,normal,within all gate limits,0.0508554306656408,False
AXB567,71cfde,RWY 32,1789009619.238369,1789010209.08756,589.8,left_coverage,0.17,0.18,2.15,1.52,-0.16,0.76,-347.5,,5,-207.2,437.4,normal,within all gate limits,0.050870603166332795,False
AXB8951,72c30f,RWY 32,1789009830.051364,1789010347.599335,517.5,left_coverage,0.18,0.21,2.42,1.59,-0.13,0.73,-348.2,,5,-162.1,513.6,normal,within all gate limits,0.05099952232436,False
IGO2240,74bf8c,RWY 32,1789009906.139432,1789010472.886925,566.7,left_coverage,0.23,0.22,2.11,1.44,-0.22,0.82,-267.5,,5,-156.9,492.8,normal,within all gate limits,0.05229468426433315,False
QTR8203,7638f0,RWY 32,1789005863.877723,1789006366.978581,503.1,left_coverage,0.18,0.18,1.8,1.55,-0.02,0.93,-661.7,,5,-193.0,369.5,normal,within all gate limits,0.05304984534966717,False
OMA4259,700d75,RWY 32,1789009718.106748,1789010211.833712,493.7,left_coverage,0.26,0.26,2.39,1.57,-0.17,0.82,-285.4,,5,-190.6,501.9,normal,within all gate limits,0.054029163306289374,False
SIA28,77fcfa,RWY 32,1789008139.229498,1789008728.117057,588.9,left_coverage,0.38,0.38,2.03,2.12,-0.02,1.11,-956.7,,5,-442.9,577.6,normal,within all gate limits,0.05443817525161748,False
IGO7342,77c806,RWY 32,1789005811.097498,1789006323.185551,512.1,left_coverage,0.11,0.13,2.01,1.47,0.07,0.99,-622.4,,4,-171.6,418.2,normal,within all gate limits,0.05473786785464507,False
IGO1318,70ad4a,RWY 32,1789009734.887115,1789010226.697807,491.8,left_coverage,0.19,0.18,2.15,1.61,-0.12,0.71,-239.9,,5,-189.5,433.0,normal,within all gate limits,0.054871755090074636,False
OMA5898,754304,RWY 32,1789009806.624975,1789010344.715857,538.1,left_coverage,0.25,0.29,2.17,1.34,-0.1,0.81,-308.5,,5,-160.6,486.2,normal,within all gate limits,0.0551164331659631,False
OMA9921,778877,RWY 32,1789005174.964581,1789005748.38378,573.4,left_coverage,0.33,0.33,2.59,2.14,0.04,0.99,-650.0,,5,-221.9,455.5,normal,within all gate limits,0.05664777813374494,False
AXB8601,7c16a0,RWY 32,1789005338.997634,1789005884.148743,545.2,left_coverage,0.38,0.35,2.28,2.16,0.03,0.99,-604.7,,5,-194.0,431.8,normal,within all gate limits,0.058057929158605304,False
IGO6979,7dfced,RWY 32,1789009701.938041,1789010205.590574,503.7,left_coverage,0.26,0.24,2.5,1.56,-0.15,0.83,-178.2,,5,-183.4,472.4,normal,within all gate limits,0.05904441059393217,False
AIC4685,7769de,RWY 32,1789005743.951792,1789006253.687409,509.7,left_coverage,0.15,0.14,2.17,1.7,0.03,0.88,-792.1,,4,-199.7,410.8,normal,within all gate limits,0.059423243208044374,False
SIA5945,711666,RWY 32,1789005125.129494,1789005705.954437,580.8,left_coverage,0.33,0.32,2.47,2.05,0.06,1.01,-564.4,,3,-185.0,409.7,normal,within all gate limits,0.059655921104749154,False
GIA9408,7f15e0,RWY 32,1789005849.283812,1789006365.948369,516.7,left_coverage,0.15,0.16,2.27,1.59,-0.01,0.87,-685.0,,3,-186.4,379.8,normal,within all gate limits,0.059794866649376,False
VTI6383,7b8a31,RWY 32,1789005178.222429,1789005776.171713,597.9,left_coverage,0.32,0.3,2.51,2.1,0.02,0.95,-532.1,,5,-190.5,406.1,normal,within all gate limits,0.060363209179723876,False
GIA8538,7a8395,RWY 32,1789009953.560346,1789010535.050061,581.5,left_coverage,0.21,0.2,2.05,1.54,-0.15,0.86,-218.7,,5,-221.9,513.2,normal,within all gate limits,0.061301835426520235,False
QTR170,74b36e,RWY 32,1789005172.264754,1789005719.059613,546.8,left_coverage,0.33,0.34,2.56,2.12,0.03,0.97,-637.1,,5,-176.3,422.5,normal,within all gate limits,0.061521711277695346,False
AXB5880,76a9cc,RWY 32,1789005845.288286,1789006414.266907,569.0,left_coverage,0.11,0.12,2.23,1.66,0.05,1.03,-739.1,,5,-187.9,405.3,normal,within all gate limits,0.06262399082144976,False
VTI7913,730cd4,RWY 32,1789009779.440572,1789010269.755447,490.3,left_coverage,0.26,0.24,2.17,1.47,-0.15,0.86,-178.1,,5,-166.4,454.7,normal,within all gate limits,0.06409931504472427,False
OMA396,722f3c,RWY 32,1789005541.017352,1789006101.847373,560.8,left_coverage,0.19,0.2,2.08,1.59,0.01,1.0,-790.3,,5,-207.1,361.4,normal,within all gate limits,0.06417360413965523,False
AXB9359,7b7239,RWY 32,1789005821.058573,1789006364.623566,543.6,left_coverage,0.14,0.17,2.0,1.59,0.01,0.93,-717.7,,3,-173.9,356.8,normal,within all gate limits,0.0644445089125627,False
OMA7775,756885,RWY 32,1789005249.238847,1789005838.430801,589.2,left_coverage,0.37,0.38,2.23,2.2,0.01,1.08,-610.4,,5,-189.5,423.0,normal,within all gate limits,0.06555627313480328,False
UAE5861,7c584d,RWY 32,1789009748.819469,1789010285.450131,536.6,left_coverage,0.23,0.26,2.33,1.63,-0.1,0.87,-246.7,,5,-212.2,463.1,normal,within all gate limits,0.06783161800523746,False
AIC7252,748646,RWY 32,1789009873.828383,1789010373.257888,499.4,left_coverage,0.25,0.23,2.08,1.55,-0.2,0.79,-221.7,,5,-195.6,513.7,normal,within all gate limits,0.06951286883625368,False
VTI3389,73810b,RWY 32,1789009724.906905,1789010266.038316,541.1,left_coverage,0.25,0.25,2.19,1.51,-0.21,0.71,-307.1,,5,-184.7,501.1,normal,within all gate limits,0.07258999905737334,False
GIA5322,7be091,RWY 32,1789009716.445645,1789010224.947721,508.5,left_coverage,0.23,0.23,2.3,1.46,-0.14,0.76,-201.1,,5,-166.6,437.6,normal,within all gate limits,0.07351967046725372,False
SIA2004,7c5199,RWY 32,1789005859.237292,1789006432.227659,573.0,left_coverage,0.19,0.16,2.21,1.64,-0.04,0.9,-760.0,,4,-191.5,428.1,normal,within all gate limits,0.07363148257960561,False
AXB2309,7bea53,RWY 32,1789005871.053656,1789006388.999849,517.9,left_coverage,0.15,0.17,2.08,1.72,0.02,0.89,-803.8,,5,-169.6,419.0,normal,within all gate limits,0.07376554748174685,False
AIC885,7f5dd8,RWY 32,1789009725.24485,1789010278.993223,553.7,left_coverage,0.22,0.19,2.03,1.6,-0.16,0.8,-241.7,,5,-191.5,516.8,normal,within all gate limits,0.07419768669692678,False
SIA7182,79e07f,RWY 32,1789005641.324613,1789006146.889205,505.6,left_coverage,0.14,0.17,2.21,1.65,0.04,0.97,-734.4,,3,-180.5,406.4,normal,within all gate limits,0.07605675155642277,False
SEJ3687,7785c9,RWY 32,1789009926.62016,1789010444.198,517.6,left_coverage,0.2,0.22,2.1,1.54,-0.21,0.75,-202.3,,5,-191.1,450.7,normal,within all gate limits,0.07772354179017765,False
UAE7362,7986a8,RWY 32,1789005048.551044,1789005629.316503,580.8,left_coverage,0.29,0.28,2.24,2.02,0.02,1.06,-583.7,,4,-184.3,438.4,normal,within all gate limits,0.0794029411506213,False
VTI260,7de861,RWY 32,1789005857.111399,1789006364.117064,507.0,left_coverage,0.14,0.16,2.17,1.53,-0.0,0.89,-712.7,,5,-184.4,398.3,normal,within all gate limits,0.08617606350773288,False
