aircraft,icao24,runway,start_time,end_time,duration,coverage,loc_deviation,loc_abs_deviation,gs_deviation,gs_abs_deviation,loc_trend,gs_trend,altitude_change,unused_1,usable_gate_samples,gate_min,gate_max,status,remarks
SYN000,synthetic,RWY 32,1789007909.577156,1789008440.147082,530.6,left_coverage,3.097196099380131,3.097196099380131,1.87,2.01,-0.05,1.14,-1051.9,,3,-421.5,539.2,synthetic_abnormal,synthetic: loc_excursion
SYN001,synthetic,RWY 32,1789007971.498304,1789008485.284131,513.8,left_coverage,3.3947360581187276,3.3947360581187276,-5.926867054910268,5.926867054910268,-0.01,1.23,-985.1,,5,-460.7,565.0,synthetic_abnormal,synthetic: both_excursion
SYN002,synthetic,RWY 32,1789005552.138455,1789006099.484831,547.3,left_coverage,3.9651607631923844,3.9651607631923844,1.87,1.43,0.01,0.97,-703.4,,3,-158.9,373.0,synthetic_abnormal,synthetic: loc_excursion
SYN003,synthetic,RWY 32,1789007976.965382,1789008505.071288,37.68681796053275,left_coverage,0.42,0.41,2.21,1.94,-0.06,1.17,-1142.1,,5,-467.1,529.6,synthetic_abnormal,synthetic: short_duration
SYN004,synthetic,RWY 32,1789005167.241971,1789005751.123567,583.9,left_coverage,0.3,0.33,2.53,1.94,0.0,0.94,-719.7,,0,-172.5,435.7,synthetic_abnormal,synthetic: few_samples
SYN005,synthetic,RWY 32,1789009767.026442,1789010352.43774,585.4,left_coverage,0.24,0.24,2.12,1.29,-5.780294966545806,5.46828483981249,-206.8,,3,-167.0,481.1,synthetic_abnormal,synthetic: erratic_trend
SYN006,synthetic,RWY 32,1789005224.679095,1789005862.31311,637.6,left_coverage,0.38,0.4,2.6,2.31,3.681716165354331,-4.663754361047504,-628.0,,3,-221.1,423.9,synthetic_abnormal,synthetic: erratic_trend
SYN007,synthetic,RWY 32,1789009898.086121,1789010445.671584,547.6,left_coverage,0.26,0.29,2.48,1.36,-0.15,0.7,-306.6,,0,-218.4,455.2,synthetic_abnormal,synthetic: few_samples
SYN008,synthetic,RWY 32,1789009669.18899,1789010209.369961,540.2,left_coverage,0.17,0.14,2.22,1.63,-0.15,0.7,-178.1,,1,-207.8,467.9,synthetic_abnormal,synthetic: few_samples
SYN009,synthetic,RWY 32,1789009669.18899,1789010209.369961,540.2,left_coverage,0.17,0.14,7.032350960341495,7.032350960341495,-0.15,0.7,-178.1,,5,-207.8,467.9,synthetic_abnormal,synthetic: gs_excursion
SYN010,synthetic,RWY 32,1789009873.828383,1789010373.257888,88.2418814636942,left_coverage,0.25,0.23,2.08,1.55,-0.2,0.79,-221.7,,5,-195.6,513.7,synthetic_abnormal,synthetic: short_duration
SYN011,synthetic,RWY 32,1789005702.018659,1789006254.064734,552.0,left_coverage,-3.556766994147524,3.556766994147524,3.5839161235559027,3.5839161235559027,0.06,0.97,-764.0,,5,-222.5,437.9,synthetic_abnormal,synthetic: both_excursion
SYN012,synthetic,RWY 32,1789005087.791676,1789005636.169563,548.4,left_coverage,-2.0876075315744576,2.0876075315744576,5.049146859727363,5.049146859727363,0.02,1.04,-715.6,,5,-190.0,451.5,synthetic_abnormal,synthetic: both_excursion
SYN013,synthetic,RWY 32,1789009718.106748,1789010211.833712,493.7,left_coverage,4.418774331085525,4.418774331085525,2.39,1.57,-0.17,0.82,-285.4,,5,-190.6,501.9,synthetic_abnormal,synthetic: loc_excursion
SYN014,synthetic,RWY 32,1789008111.726979,1789008651.052215,49.549521488289116,left_coverage,0.35,0.32,2.2,1.84,0.02,1.21,-1033.8,,5,-463.3,569.5,synthetic_abnormal,synthetic: short_duration
SYN015,synthetic,RWY 32,1789008189.870955,1789008768.785213,578.9,left_coverage,0.34,0.37,2.01,2.03,-0.02,1.15,-1129.4,,0,-406.2,553.1,synthetic_abnormal,synthetic: few_samples
SYN016,synthetic,RWY 32,1789005857.111399,1789006364.117064,507.0,left_coverage,-2.473678397710714,2.473678397710714,2.17,1.53,-0.0,0.89,-712.7,,5,-184.4,398.3,synthetic_abnormal,synthetic: loc_excursion
SYN017,synthetic,RWY 32,1789009873.828383,1789010373.257888,499.4,left_coverage,-2.9514098524518673,2.9514098524518673,-5.009441984047531,5.009441984047531,-0.2,0.79,-221.7,,5,-195.6,513.7,synthetic_abnormal,synthetic: both_excursion
SYN018,synthetic,RWY 32,1789009779.440572,1789010269.755447,490.3,left_coverage,0.26,0.24,7.33071278423135,7.33071278423135,-0.15,0.86,-178.1,,5,-166.4,454.7,synthetic_abnormal,synthetic: gs_excursion
SYN019,synthetic,RWY 32,1789005580.876748,1789006094.952054,514.1,left_coverage,2.6247332827640824,2.6247332827640824,5.496779404185603,5.496779404185603,0.03,0.99,-677.5,,3,-198.0,427.2,synthetic_abnormal,synthetic: both_excursion
